id,year,region,CO2,log_CO2,GDP,log_GDP,CO2_intensity,tax,tax_rate,time,pop,log_pop,hh_income,log_hh_income,energy_supply,log_energy_supply,gas_price,hh_heating_fuel_price,electricity_price,RE_elec_generation,log_RE
1,1990,Alberta,127.569585,4.84866198,"115,758",11.65925708,0.001102037,0,0,0,"2,547,788",14.75073609,,,,,53.89583333,,21.575,,
1,1991,Alberta,127.4968878,4.848091955,"112,838",11.63370844,0.001129911,0,0,0,"2,592,306",14.76805839,,,,,50.14166667,,24.16666667,,
1,1992,Alberta,132.4714695,4.886367298,"113,262",11.63745900,0.001169602,0,0,0,"2,632,672",14.78350986,,,,,47.08333333,,25.71666667,,
1,1993,Alberta,136.3123804,4.914949167,"117,252",11.67208074,0.001162559,0,0,0,"2,667,292",14.79657428,,,,,46.5,,26.26666667,,
1,1994,Alberta,143.6295854,4.967237662,"122,500",11.71586631,0.001172486,0,0,0,"2,700,606",14.80898675,,,,,46.4,,26.9,,
1,1995,Alberta,145.9046019,4.982952996,"123,489",11.72390736,0.001181519,0,0,0,"2,734,519",14.82146611,,,"1,984,276",,48.775,,26.775,,
1,1996,Alberta,149.6899317,5.008566033,"127,185",11.75339800,0.001176946,0,0,0,"2,775,133",14.83620923,,,"1,986,647",,50.63333333,,28.025,,
1,1997,Alberta,154.6638251,5.041253891,"141,802",11.86218700,0.001090703,0,0,0,"2,829,848",14.85573356,,,"1,867,760",,52.63333333,,28.4,,
1,1998,Alberta,154.0184223,5.037072221,"150,627",11.92256186,0.001022515,0,0,0,"2,899,066",14.87989917,,,"1,740,616",,47.94166667,,23.54166667,,
1,1999,Alberta,160.5627979,5.07868513,"151,918",11.93109618,0.001056904,0,0,0,"2,952,692",14.89822785,"71,089",11.17168789,"1,682,184",,52.01666667,,26.275,,
1,2000,Alberta,168.2797447,5.125627742,"165,298",12.01550518,0.001018039,0,0,0,"3,004,198",14.91552120,"77,615",11.25951599,"1,386,433",,63.7875,,28.2,,
1,2001,Alberta,168.318819,5.125859913,"175,656",12.07628282,0.00095823,0,0,0,"3,058,108",14.93330698,"87,443",11.37874243,"1,242,915",,62.92083333,,33.2,,
1,2002,Alberta,170.5727899,5.139162126,"180,089",12.10120645,0.000947158,0,0,0,"3,128,429",14.95604152,"90,872",11.4172072,"1,290,629",,63.9875,,41.90833333,,
1,2003,Alberta,179.140511,5.188170476,"187,935",12.14385144,0.000953205,0,0,0,"3,183,065",14.97335513,"94,848",11.46003089,"1,245,595",,66.85833333,,54.20833333,,
1,2004,Alberta,176.7970353,5.175002381,"199,624",12.20419088,0.00088565,0,0,0,"3,238,668",14.99067269,"102,574",11.53833977,"2,623,918",,75.3375,,45.975,,
1,2005,Alberta,179.6547721,5.191037077,"222,857",12.31428559,0.000806144,0,0,0,"3,321,768",15.01600773,"112,596",11.63156147,"2,647,851",,85.4875,,44.04166667,174174.6,12.06781352
1,2006,Alberta,185.9284552,5.22536195,"241,597",12.39502633,0.000769581,0,0,0,"3,421,434",15.04557032,"126,319",11.74656573,"2,750,904",,91.65,,53.15833333,173412.6,12.06342901
1,2007,Alberta,195.3055975,5.274565499,"252,928",12.44086014,0.000772179,0,0,0,"3,514,147",15.07230738,"133,869",11.80461699,"2,935,875",,97.6125,,61,182119.6,12.11241889
1,2008,Alberta,193.5490432,5.265530934,"260,091",12.46878685,0.000744159,0,0,1,"3,595,856",15.09529263,"145,248",11.88619791,"2,851,148",,110.1083333,,61.05833333,188787.8,12.14837891
1,2009,Alberta,189.6000553,5.244916881,"234,339",12.36452406,0.000809085,0,0,1,"3,678,996",15.11815045,"146,778",11.89667652,"2,853,539",,87.6375,,58.65833333,191295,12.16157202
1,2010,Alberta,195.7234979,5.276702938,"257,217",12.45767537,0.000760928,0,0,1,"3,732,082",15.13247681,"162,655",11.99938667,"2,990,765",,91.54583333,,56.8,179781.25,12.09949611
1,2011,Alberta,204.5075887,5.320605083,"273,737",12.51992307,0.000747095,0,0,1,"3,789,030",15.14762061,"164,618",12.01138292,"3,245,836",,109.5875,,72.825,192158.22,12.16607437
1,2012,Alberta,211.839297,5.355827954,"291,076",12.58133968,0.00072778,0,0,1,"3,874,548",15.16993957,"177,761",12.08819523,"3,370,968",,111.0583333,,70.925,195466.31,12.18314332
1,2013,Alberta,217.9516379,5.384273194,"310,267",12.64518850,0.000702465,0,0,1,"3,981,011",15.19704637,"188,132",12.14489912,"3,395,371",,110.9166667,,,208844,12.24934284
1,2014,Alberta,221.4451395,5.400174882,"321,825",12.68176320,0.000688092,0,0,1,"4,083,648",15.22250126,"199,299",12.20256149,"3,451,505",,112.75,,100,204275.23,12.22722353
1,2015,Alberta,224.3529894,5.413220657,"297,615",12.60355598,0.000753836,0,0,1,"4,144,491",15.23729054,"208,542",12.24789574,"3,485,680",,95.55,,85.63333333,201246.96,12.21228809
1,2016,Alberta,211.9921584,5.356549285,"279,292",12.54001311,0.000759034,0,0,1,"4,196,061",15.24965679,"193,998",12.17560313,"3,373,346",,87.95416667,,73.03333333,207719.48,12.24394379
1,2017,Alberta,220.6031471,5.396365373,"285,508",12.56202533,0.000772669,0,0,1,"4,241,100",15.26033323,"203,334",12.22260523,"3,528,582",,99.67916667,,74.225,212295.24,12.26573323
1,2018,Alberta,221.5864988,5.400813027,"287,965",12.57059422,0.000769491,0,0,1,"4,298,275",15.27372434,"206,859",12.23979268,"3,732,674",,118.3,,98.98333333,210989.03,12.25956142
1,2019,Alberta,225.0970266,5.416531539,"284,947",12.56005848,0.000789961,0,0,1,"4,362,576",15.28857327,"209,797",12.25389568,"3,805,584",,104.1666667,,109.7416667,211635.78,12.26262206
2,1990,British Columbia,39.98354567,3.688468011,"129,331",11.77013029,0.000309157,1,0,0,"3,292,111",15.00703956,,,,,60.76666667,35.06666667,51.8,,
2,1991,British Columbia,38.60567498,3.653399286,"131,680",11.78813002,0.000293178,1,0,0,"3,373,787",15.03154641,,,,,58.025,40.7375,52.525,,
2,1992,British Columbia,37.89932397,3.634933275,"136,186",11.82177688,0.000278291,1,0,0,"3,468,802",15.05931985,,,,,52.97083333,39.7125,54.35833333,,
2,1993,British Columbia,40.37064895,3.69810301,"139,480",11.84567650,0.000289437,1,0,0,"3,567,772",15.08745187,,,,,52.875,40.44166667,56.65,,
2,1994,British Columbia,42.61866503,3.752292304,"146,042",11.89164953,0.000291825,1,0,0,"3,676,075",15.11735616,,,,,53.7125,40.5375,57.2,,
2,1995,British Columbia,46.02555649,3.829196818,"146,436",11.89434375,0.000314305,1,0,0,"3,777,390",15.14454385,,,"984,774",,56.64166667,40.55833333,57.2,,
2,1996,British Columbia,47.49946337,3.860718414,"150,523",11.92187118,0.000315563,1,0,0,"3,874,317",15.16987995,,,"1,063,234",,58.55833333,41.5,57.2,,
2,1997,British Columbia,46.44918581,3.838358937,"156,828",11.96290494,0.000296179,1,0,0,"3,948,583",15.18886734,,,"1,004,995",,58.925,44.05416667,57.2,,
2,1998,British Columbia,47.32984812,3.857141135,"156,401",11.96017850,0.000302619,1,0,0,"3,983,113",15.19757423,,,"1,037,626",,51.64166667,41.05833333,57.2,,
2,1999,British Columbia,48.80518467,3.88783655,"159,552",11.98012517,0.000305889,1,0,0,"4,011,375",15.20464463,"92,525",11.43523416,"1,071,713",,56.7625,42.55416667,57.2,,
2,2000,British Columbia,49.90681008,3.910157468,"164,808",12.01253644,0.000302818,1,0,0,"4,039,230",15.21156464,"96,466",11.47694589,"1,158,708",,71.31666667,57.52083333,57.2,,
2,2001,British Columbia,51.58914287,3.943311241,"170,262",12.04509371,0.000302999,1,0,0,"4,076,950",15.22085972,"102,482",11.53744245,"1,173,994",,71.43333333,58.04166667,57.2,,
2,2002,British Columbia,48.83562381,3.888460043,"175,025",12.07268410,0.000279021,1,0,0,"4,100,564",15.22663508,"108,735",11.59666901,"1,075,880",,72.17083333,53.9,57.2,,
2,2003,British Columbia,48.77318639,3.887180703,"180,892",12.10565545,0.000269626,1,0,0,"4,124,482",15.23245099,"111,570",11.62240748,"1,086,826",,78.95,61.02916667,57.2,,
2,2004,British Columbia,50.40681736,3.920126431,"190,151",12.15557377,0.000265088,1,0,0,"4,155,651",15.23997965,"116,645",11.66689041,"1,080,303",,87.91666667,70.85416667,59.3,,
2,2005,British Columbia,48.82605309,3.888264045,"199,896",12.20555251,0.000244257,1,0,0,"4,196,062",15.24965702,"121,814",11.71025057,"1,076,962",,98.12083333,89.425,60,174174.6,12.06781352
2,2006,British Columbia,48.80864416,3.887907432,"212,006",12.26436986,0.000230223,1,0,0,"4,241,794",15.26049685,"132,885",11.79723937,"1,060,418",,104.6291667,91.55833333,60,173412.6,12.06342901
2,2007,British Columbia,49.06338803,3.893113095,"221,950",12.31020741,0.000221056,1,0,0,"4,290,984",15.27202664,"141,344",11.85895191,"1,080,923",,108.2208333,96.70416667,62.20833333,182119.6,12.11241889
2,2008,British Columbia,49.91554928,3.910332563,"228,456",12.33909891,0.000218491,1,10,1,"4,349,336",15.28553375,"148,261",11.90672951,"1,076,563",,121.9166667,120.9583333,64.625,188787.8,12.14837891
2,2009,British Columbia,47.00977414,3.850355541,"222,820",12.31411955,0.000210976,1,15,1,"4,410,506",15.29949998,"150,819",11.92383572,"1,041,273",,102.9958333,88.18333333,69.675,191295,12.16157202
2,2010,British Columbia,46.1349036,3.831569792,"231,029",12.35029852,0.000199693,1,20,1,"4,465,546",15.31190205,"161,446",11.991926,"1,033,752",,112.2208333,104.3333333,79.775,179781.25,12.09949611
2,2011,British Columbia,46.5178941,3.839837058,"235,419",12.36912218,0.000197596,1,25,1,"4,502,104",15.32005540,"162,843",12.00054183,"1,031,211",,127.925,124.6958333,83.68333333,192158.22,12.16607437
2,2012,British Columbia,46.32436438,3.835668051,"241,975",12.39658969,0.000191443,1,30,1,"4,566,769",15.33431651,"169,322",12.03955751,"1,012,058",,129.3583333,130.425,90.925,195466.31,12.18314332
2,2013,British Columbia,47.50067987,3.860744024,"244,269",12.40602536,0.000194461,1,30,1,"4,630,077",15.34808406,"178,410",12.09183955,"1,043,899",,132.2833333,130.4458333,93.35,208844,12.24934284
2,2014,British Columbia,47.61523337,3.863152739,"251,975",12.43708516,0.000188968,1,30,1,"4,707,103",15.36458320,"183,462",12.11976284,"1,046,217",,132.3416667,135.4416667,100,204275.23,12.22722353
2,2015,British Columbia,46.71690361,3.844106061,"257,194",12.45758594,0.000181641,1,30,1,"4,776,388",15.37919517,"192,232",12.16645825,"1,025,409",,120.1291667,112.4166667,106.675,201246.96,12.21228809
2,2016,British Columbia,49.17225063,3.895329453,"266,460",12.49297942,0.000184539,1,30,1,"4,859,250",15.39639466,"198,191",12.19698649,"1,064,344",,114.975,102.3541667,111.5,207719.48,12.24394379
2,2017,British Columbia,50.5729797,3.923417436,"277,778",12.53457751,0.000182063,1,30,1,"4,929,384",15.41072459,"210,907",12.25917256,,,130.2708333,115.4,115.525,212295.24,12.26573323
2,2018,British Columbia,52.65701052,3.963799383,"284,770",12.55943712,0.000184911,1,35,1,"5,010,476",15.42704148,"216,056",12.28329291,,,146.4625,134.8708333,119.125,210989.03,12.25956142
2,2019,British Columbia,52.893179,3.968274389,"294,553",12.59321423,0.000179571,1,40,1,"5,094,796",15.44373018,"229,220",12.34243752,,,145.4625,133.2833333,121.575,211635.78,12.26262206
3,1990,Manitoba,12.29338721,2.509061493,"38,868",10.56792657,0.000316286,0,0,0,"1,105,421",13.91573682,,,,,55.325,36.86666667,68.95,,
3,1991,Manitoba,11.75846403,2.464573324,"38,105",10.54810079,0.000308581,0,0,0,"1,109,604",13.91951375,,,,,52.84166667,42.53333333,71.175,,
3,1992,Manitoba,11.70662381,2.460154819,"37,953",10.54410383,0.000308451,0,0,0,"1,112,689",13.92229017,,,,,49.53333333,41.01666667,72.9,,
3,1993,Manitoba,11.70515491,2.460029335,"38,378",10.55523966,0.000304996,0,0,0,"1,117,618",13.92671019,,,,,52.1,42.53333333,73.3,,
3,1994,Manitoba,11.78323709,2.466677936,"38,839",10.56718018,0.000303387,0,0,0,"1,123,230",13.93171902,,,,,52.25833333,41.75833333,73.375,,
3,1995,Manitoba,12.37603898,2.515762263,"39,704",10.58920722,0.000311708,0,0,0,"1,129,150",13.93697570,,,"407,638",,54.64166667,41.88333333,73.475,,
3,1996,Manitoba,12.80310575,2.549687778,"40,683",10.61356559,0.000314704,0,0,0,"1,134,196",13.94143459,,,"571,721",,56.86666667,44.35833333,73.575,,
3,1997,Manitoba,12.30868756,2.510305319,"42,414",10.65523378,0.000290203,0,0,0,"1,136,128",13.94313655,,,"719,211",,57.36666667,47.775,73.675,,
3,1998,Manitoba,12.61143636,2.53460405,"43,096",10.67118546,0.000292636,0,0,0,"1,137,489",13.94433376,,,"844,416",,53.3,47.025,73.7,,
3,1999,Manitoba,12.45456111,2.52208691,"44,182",10.69607275,0.000281892,0,0,0,"1,142,448",13.94868389,"24,274",10.0971611,"975,574",,57.275,45.55,73.7,,
3,2000,Manitoba,12.96518132,2.562267404,"44,972",10.71379535,0.000288295,0,0,0,"1,147,313",13.95293324,"25,214",10.13515467,"1,198,285",,66.66666667,56.06666667,73.7,,
3,2001,Manitoba,11.78619874,2.466929249,"46,067",10.73785214,0.000255849,0,0,0,"1,151,454",13.95653605,"26,643",10.19028173,"1,403,730",,65.03333333,60.15833333,73.7,,
3,2002,Manitoba,12.2174555,2.502865708,"47,186",10.76185252,0.000258921,0,0,0,"1,156,680",13.96106439,"27,846",10.23444461,"1,430,746",,63.18333333,53.01666667,73.7,,
3,2003,Manitoba,12.35458807,2.514027498,"48,331",10.78582846,0.000255625,0,0,0,"1,163,596",13.96702577,"28,597",10.2610571,"1,626,414",,67.58333333,60.825,72.825,,
3,2004,Manitoba,12.61180786,2.534633507,"50,011",10.81999826,0.000252181,0,0,0,"1,173,238",13.97527801,"30,013",10.3093859,"273,577",,76.71666667,64.41666667,73.98333333,,
3,2005,Manitoba,12.40018427,2.517711333,"51,233",10.84413913,0.000242035,0,0,0,"1,178,264",13.97955273,"30,985",10.3412585,"283,758",,90.00833333,81.65,77.475,174174.6,12.06781352
3,2006,Manitoba,12.15279535,2.497559213,"53,149",10.88085457,0.000228655,0,0,0,"1,183,562",13.98403909,"32,757",10.39687196,"287,333",,96.59166667,83.98333333,77.9,173412.6,12.06342901
3,2007,Manitoba,12.83374629,2.552078131,"55,841",10.93026365,0.000229827,0,0,0,"1,189,451",13.98900241,"34,965",10.46210284,"273,842",,102.2166667,91.5,79.48333333,182119.6,12.11241889
3,2008,Manitoba,12.51572896,2.52698617,"58,720",10.98053566,0.000213143,0,0,1,"1,197,775",13.99597623,"37,387",10.52907833,"272,277",,115.8166667,115.8,79.8,188787.8,12.14837891
3,2009,Manitoba,11.64071403,2.454508783,"58,512",10.97698714,0.000198946,0,0,1,"1,208,556",14.00493682,"38,859",10.56769499,"265,030",,94.43333333,82.725,84.925,191295,12.16157202
3,2010,Manitoba,11.47441054,2.440119386,"61,418",11.02545823,0.000186825,0,0,1,"1,220,780",14.01500056,"41,776",10.64007729,"287,614",,97.46666667,94.66666667,88.225,179781.25,12.09949611
3,2011,Manitoba,11.65917341,2.456093287,"62,880",11.04898343,0.000185419,0,0,1,"1,233,649",14.02548700,"42,315",10.65289691,"295,571",,114.6,113.8083333,90.175,192158.22,12.16607437
3,2012,Manitoba,12.64272518,2.537081965,"64,827",11.07947746,0.000195023,0,0,1,"1,249,975",14.03863411,"44,488",10.70297477,"301,185",,118.3416667,115.9666667,92.86666667,195466.31,12.18314332
3,2013,Manitoba,12.86830384,2.554767221,"65,752",11.09364537,0.00019571,0,0,1,"1,264,620",14.05028224,"46,529",10.74783105,"326,181",,120.35,119.8666667,97.1,208844,12.24934284
3,2014,Manitoba,13.13866552,2.575559449,"66,930",11.11140258,0.000196305,0,0,1,"1,279,014",14.06160003,"47,705",10.77279149,"324,655",,118,127.0083333,100,204275.23,12.22722353
3,2015,Manitoba,12.70523099,2.542013798,"67,768",11.12384539,0.000187481,0,0,1,"1,292,227",14.07187764,"50,125",10.82227516,"312,247",,97.33333333,97.00833333,102.5666667,201246.96,12.21228809
3,2016,Manitoba,12.88899932,2.556374182,"67,976",11.12690998,0.000189611,0,0,1,"1,314,139",14.08869226,"51,060",10.84075669,"312,525",,92.08333333,87.34166667,106.3583333,207719.48,12.24394379
3,2017,Manitoba,13.45399604,2.599276165,"70,289",11.16037059,0.00019141,0,0,1,"1,334,790",14.10428453,"53,705",10.89126139,"307,256",,97.375,97.64166667,109.9,212295.24,12.26573323
3,2018,Manitoba,14.10665136,2.646646414,"71,467",11.17699108,0.000197387,0,0,1,"1,352,825",14.11770556,"54,547",10.90681799,"351,119",,113.0666667,117.0416667,114.0416667,210989.03,12.25956142
3,2019,Manitoba,13.82926042,2.626786668,"72,062",11.18528214,0.000191908,0,0,1,"1,369,954",14.13028772,"55,616",10.92622621,"340,885",,109.0333333,114.6,117.1916667,211635.78,12.26262206
4,1990,New Brunswick,14.60690582,2.681494418,"23,855",10.07974912,0.000612321,0,0,0,"740,156",13.51461625,,,,,,,54.5,,
4,1991,New Brunswick,13.96335169,2.636436161,"24,008",10.08614239,0.000581612,0,0,0,"745,567",13.52190028,,,,,,,57.125,,
4,1992,New Brunswick,14.68521649,2.686841307,"23,991",10.08543404,0.000612114,0,0,0,"748,121",13.52532001,,,,,55.7,38.20833333,57.5,,
4,1993,New Brunswick,13.91130066,2.632701507,"24,371",10.10114918,0.000570814,0,0,0,"748,812",13.52624323,,,,,54.74166667,38.7,59.6,,
4,1994,New Brunswick,15.32284572,2.729344899,"24,311",10.09868420,0.000630284,0,0,0,"750,185",13.52807512,,,,,53.625,36.2,61.125,,
4,1995,New Brunswick,15.82733323,2.761738397,"24,857",10.12089468,0.000636735,0,0,0,"750,943",13.52908503,,,"157,064",,56.01666667,35.15833333,62.5,,
4,1996,New Brunswick,15.34210136,2.730600772,"25,378",10.14163794,0.000604543,0,0,0,"752,268",13.53084792,,,"187,197",,55.14166667,41.66666667,64.075,,
4,1997,New Brunswick,17.86641746,2.882922831,"25,428",10.14360621,0.000702628,0,0,0,"752,511",13.53117089,,,"211,058",,60.175,46.375,65.975,,
4,1998,New Brunswick,18.66928149,2.926879472,"26,873",10.19887734,0.000694723,0,0,0,"750,530",13.52853490,,,"216,226",,55.35,41.54166667,67.9,,
4,1999,New Brunswick,17.65520005,2.87103036,"28,686",10.26416448,0.000615464,0,0,0,"750,601",13.52862950,"14,841",9.6051489,"215,625",,59.15,40.90833333,69.4,,
4,2000,New Brunswick,18.89993023,2.939158231,"29,169",10.28086178,0.000647946,0,0,0,"750,517",13.52851758,"15,316",9.636653313,"424,319",,73.30833333,59.36666667,69.4,,
4,2001,New Brunswick,20.73331156,3.031741661,"28,624",10.26200081,0.000724333,0,0,0,"749,820",13.52758846,"16,012",9.68109372,"182,020",,70.01666667,58.66666667,68.825,,
4,2002,New Brunswick,19.37326676,2.963894114,"29,387",10.28830768,0.000659246,0,0,0,"749,372",13.52699080,"16,624",9.718602713,"223,014",,72.51666667,54.9,67.85,,
4,2003,New Brunswick,19.08874413,2.949098849,"30,205",10.31576275,0.000631973,0,0,0,"749,441",13.52708287,"17,049",9.74384683,"201,106",,78.76666667,62.425,69.075,,
4,2004,New Brunswick,19.97202516,2.994332552,"31,165",10.34705095,0.000640848,0,0,0,"749,419",13.52705352,"17,719",9.782392789,"242,228",,87.96666667,66.025,70.15,,
4,2005,New Brunswick,18.07230591,2.894380706,"32,117",10.37714076,0.000562702,0,0,0,"748,057",13.52523446,"18,303",9.81482026,"212,010",,97.925,83.15,74.15,4485,8.408493774
4,2006,New Brunswick,17.74188529,2.875928245,"33,904",10.43128828,0.000523298,0,0,0,"745,621",13.52197271,"19,331",9.869465304,"210,576",,102.1666667,84.675,78.8,4341,8.375860015
4,2007,New Brunswick,17.89114494,2.884305894,"35,567",10.47917352,0.000503027,0,0,0,"745,433",13.52172054,"20,589",9.932512232,"217,763",,101.45,89.69166667,87.66666667,3355.76,8.118433551
4,2008,New Brunswick,16.79914007,2.821327699,"36,476",10.50440979,0.000460553,0,0,1,"746,877",13.52365579,"21,971",9.997478681,"209,071",,113.6833333,115.1166667,93.825,4183.09,8.338805487
4,2009,New Brunswick,16.57606573,2.807959831,"35,912",10.48882678,0.000461575,0,0,1,"749,956",13.52776982,"22,734",10.03161688,"216,316",,91.425,79.13333333,94.7,3810.24,8.245447458
4,2010,New Brunswick,16.57175754,2.807699893,"36,956",10.51748329,0.000448419,0,0,1,"753,035",13.53186699,"24,621",10.11135502,"263,494",,99.93333333,92.15833333,96.39166667,4299.35,8.366219127
4,2011,New Brunswick,16.62914666,2.811156979,"37,451",10.53078869,0.000444024,0,0,1,"755,705",13.53540637,"24,746",10.11641914,"273,289",,121.625,111.9583333,97.6,5183.29,8.553195269
4,2012,New Brunswick,14.77715947,2.69308271,"36,587",10.50744827,0.000403891,0,0,1,"758,378",13.53893722,"25,445",10.14427454,"269,078",,127.525,118.8166667,97.6,4269.28,8.359200474
4,2013,New Brunswick,13.02972097,2.567232976,"36,390",10.50204929,0.000358058,0,0,1,"758,544",13.53915609,"26,110",10.17007366,"190,283",,126.7083333,116.6083333,98.075,4705.51,8.456489441
4,2014,New Brunswick,11.82724718,2.470405953,"36,525",10.50575224,0.000323812,0,0,1,"758,976",13.53972544,"26,642",10.1902442,"222,046",,127.7083333,124.5666667,100,4223.86,8.348504681
4,2015,New Brunswick,12.08166887,2.491689334,"36,920",10.51650869,0.000327239,0,0,1,"758,842",13.53954887,"27,242",10.21251518,"197,343",,103.9333333,101.425,101.9,3714.4,8.219972437
4,2016,New Brunswick,12.8013748,2.549552571,"37,398",10.52937251,0.000342301,0,0,1,"763,350",13.54547192,"28,303",10.25072309,"188,794",,98.41666667,88.79166667,103.95,4356.61,8.379449511
4,2017,New Brunswick,11.79416543,2.467604954,"38,900",10.56874953,0.000303192,0,0,1,"766,621",13.54974783,"29,301",10.28537692,,,108.7666667,100.3333333,106.15,3923.08,8.274632339
4,2018,New Brunswick,11.50622601,2.442888281,"39,966",10.59578437,0.0002879,0,0,1,"770,301",13.55453663,"30,008",10.30921929,,,120.3916667,118.275,107.0583333,3797.26,8.242035033
4,2019,New Brunswick,10.881822,2.387093691,"39,889",10.59385588,0.000272803,0,0,1,"777,128",13.56336035,"30,710",10.33234361,,,118.125,116.7916667,108.7833333,3797.25,8.2420324
5,1990,Newfoundland and Labrador,8.578724156,2.149285203,"17,418",9.76525943,0.000492521,0,0,0,"577,368",13.26623512,,,,,61.46666667,38.45,79.9,,
5,1991,Newfoundland and Labrador,7.517335284,2.017211725,"17,498",9.76984187,0.000429611,0,0,0,"579,644",13.27016940,,,,,63.65,41.03333333,83.6,,
5,1992,Newfoundland and Labrador,7.420283431,2.004217255,"17,597",9.77548371,0.000421679,0,0,0,"580,109",13.27097130,,,,,60.76666667,39.66666667,83.6,,
5,1993,Newfoundland and Labrador,7.55117631,2.021703354,"18,046",9.80067933,0.00041844,0,0,0,"579,977",13.27074373,,,,,56.95,39.6,80.225,,
5,1994,Newfoundland and Labrador,6.615412785,1.889402197,"18,619",9.83193784,0.000355304,0,0,0,"574,466",13.26119619,,,,,58.56666667,36.26666667,79.1,,
5,1995,Newfoundland and Labrador,7.554016948,2.022079468,"18,747",9.83878902,0.000402945,0,0,0,"567,397",13.24881451,,,"137,693",,62.775,36.45833333,78.125,,
5,1996,Newfoundland and Labrador,7.659395559,2.035933072,"17,887",9.79182947,0.00042821,0,0,0,"559,698",13.23515263,,,"135,395",,61.4,39.8,78.55,,
5,1997,Newfoundland and Labrador,8.203408555,2.104549745,"18,501",9.82558006,0.000443404,0,0,0,"550,911",13.21932855,,,"129,490",,67.675,44.26666667,80.075,,
5,1998,Newfoundland and Labrador,9.489856559,2.250223498,"19,151",9.86011021,0.000495528,0,0,0,"539,843",13.19903364,,,"214,123",,64.36666667,35.05833333,82.225,,
5,1999,Newfoundland and Labrador,8.520374102,2.142460249,"20,752",9.94039791,0.000410581,0,0,0,"533,329",13.18689377,"10,068",9.217117356,"179,465",,66.175,38.61666667,84.93333333,,
5,2000,Newfoundland and Labrador,8.079605023,2.089342988,"20,731",9.93938544,0.000389735,0,0,0,"527,966",13.17678717,"10,576",9.266342562,"280,767",,82.98333333,56.08333333,77.325,,
5,2001,Newfoundland and Labrador,8.784678512,2.173009126,"21,098",9.95693353,0.000416375,0,0,0,"522,046",13.16551099,"11,168",9.320807825,"281,927",,79.10833333,54.48333333,73.55,,
5,2002,Newfoundland and Labrador,10.7499982,2.374905587,"21,617",9.98123532,0.000497294,0,0,0,"519,481",13.16058552,"11,647",9.362803915,"352,262",,77.025,50.05833333,77.11666667,,
5,2003,Newfoundland and Labrador,10.56474587,2.357522597,"22,319",10.01319361,0.000473352,0,0,0,"518,459",13.15861623,"11,992",9.39199504,"398,356",,82.84166667,54.79166667,79.45,,
5,2004,Newfoundland and Labrador,9.865084547,2.28900171,"22,938",10.04055020,0.000430076,0,0,0,"517,423",13.15661600,"12,181",9.40763264,"169,109",,91.66666667,62.35,88.075,,
5,2005,Newfoundland and Labrador,9.247724233,2.224377492,"23,767",10.07605334,0.000389099,0,0,0,"514,332",13.15062425,"12,549",9.43739626,"165,857",,102.1416667,78.59166667,99.21666667,40741.37,10.61499932
5,2006,Newfoundland and Labrador,8.830308539,2.178189956,"23,791",10.07706264,0.000371162,0,0,0,"510,592",13.14332612,"13,550",9.514141826,"155,332",,107.5916667,84.80833333,105.375,41953.37,10.64431404
5,2007,Newfoundland and Labrador,9.762917207,2.27859125,"24,802",10.11867957,0.000393634,0,0,0,"509,055",13.14031134,"14,947",9.61226589,"168,822",,110.95,87.625,87.95,40291.38,10.60389283
5,2008,Newfoundland and Labrador,9.318505727,2.232002286,"25,856",10.16029796,0.0003604,0,0,1,"511,581",13.14526121,"15,829",9.66959898,"163,090",,123.625,109.4333333,83.9,41897.25,10.64297547
5,2009,Newfoundland and Labrador,8.886980249,2.184587312,"26,564",10.18731219,0.00033455,0,0,1,"516,751",13.15531641,"17,193",9.752257603,"159,189",,102.325,74.33333333,83.9,36830,10.51406801
5,2010,Newfoundland and Labrador,8.825441548,2.177638635,"28,288",10.25019297,0.000311985,0,0,1,"522,009",13.16544011,"18,112",9.804329981,"157,312",,110.8416667,88.4,83.9,40469.8,10.6083113
5,2011,Newfoundland and Labrador,9.124175015,2.210927486,"30,241",10.31695390,0.000301715,0,0,1,"524,999",13.17115164,"19,352",9.870551052,"152,915",,129.2416667,110.3833333,83.9,40231.37,10.60240232
5,2012,Newfoundland and Labrador,8.682610989,2.161322289,"32,273",10.38198625,0.000269036,0,0,1,"526,345",13.17371217,"20,322",9.919459322,"141,444",,131.9333333,114.675,83.9,42397.52,10.65484515
5,2013,Newfoundland and Labrador,8.782127258,2.172718663,"34,130",10.43793204,0.000257314,0,0,1,"527,114",13.17517212,"21,054",9.954845845,"155,109",,128.9083333,105.9333333,89.26666667,41633.7,10.63666521
5,2014,Newfoundland and Labrador,9.735096284,2.275737529,"34,394",10.44563741,0.000283046,0,0,1,"528,159",13.17715265,"21,616",9.98118906,"155,301",,130.6083333,107.2,100,39224.81,10.57706473
5,2015,Newfoundland and Labrador,9.833668093,2.285812017,"34,483",10.44822173,0.000285174,0,0,1,"528,117",13.17707313,"22,094",10.00306136,"172,519",,109.3416667,82.36666667,105,39858.27,10.59308519
5,2016,Newfoundland and Labrador,9.99702805,2.302287854,"35,509",10.47754146,0.000281535,0,0,1,"529,426",13.17954868,"21,876",9.993145424,"168,700",,113.7083333,76.59166667,114.1,39672.96,10.58842513
5,2017,Newfoundland and Labrador,9.881571946,2.290671603,"32,718",10.39568066,0.000302022,0,0,1,"528,249",13.17732304,"21,893",9.99392223,"166,222",,124.2,89.34166667,114.1,36734.69,10.51147682
5,2018,Newfoundland and Labrador,9.649421774,2.266897994,"31,380",10.35392603,0.000307502,0,0,1,"525,560",13.17221964,"22,162",10.00613439,"157,614",,127.0583333,107.95,115.875,42036.28,10.64628833
5,2019,Newfoundland and Labrador,9.80195725,2.282582085,"31,880",10.36973413,0.000307464,0,0,1,"523,427",13.16815285,"22,456",10.01931312,"173,059",,122.025,102.85,116.075,43822.11,10.68789376
6,1990,Nova Scotia,16.26207186,2.788835517,"33,453",10.41789675,0.000486117,0,0,0,"910,451",13.72169536,,,,,,,53.15,,
6,1991,Nova Scotia,15.87377229,2.764668206,"32,828",10.39903709,0.000483544,0,0,0,"914,969",13.72664546,,,,,,,55.3,,
6,1992,Nova Scotia,16.5759928,2.807955432,"32,381",10.38532711,0.000511905,0,0,0,"919,451",13.73153203,,,,,58.12,36.5,56.725,,
6,1993,Nova Scotia,16.5364612,2.805567713,"32,888",10.40086313,0.000502811,0,0,0,"923,925",13.73638618,,,,,50.69166667,36.5,57.525,,
6,1994,Nova Scotia,16.18785615,2.784261341,"33,074",10.40650275,0.000489444,0,0,0,"926,871",13.73956968,,,,,51.95,33.83333333,57.7,,
6,1995,Nova Scotia,16.25704375,2.788526276,"33,021",10.40489900,0.000492324,0,0,0,"928,120",13.74091631,,,"203,353",,54.28333333,33.99166667,57.7,,
6,1996,Nova Scotia,16.35899395,2.794777835,"33,118",10.40783222,0.000493961,0,0,0,"931,327",13.74436573,,,"185,891",,54.76666667,38.475,58.11666667,,
6,1997,Nova Scotia,17.09530969,2.838804139,"34,649",10.45302414,0.000493385,0,0,0,"932,402",13.74551933,,,"196,794",,60.61666667,42.79166667,58.2,,
6,1998,Nova Scotia,17.4054194,2.856781617,"35,950",10.48988436,0.000484156,0,0,0,"931,836",13.74491211,,,"169,728",,57.09166667,36.88333333,58.2,,
6,1999,Nova Scotia,18.23463291,2.903322693,"38,132",10.54880910,0.000478198,0,0,0,"933,784",13.74700043,"19,200",9.862665558,"188,076",,60.78333333,38.85833333,58.2,,
6,2000,Nova Scotia,19.7138448,2.981321171,"38,034",10.54623578,0.000518322,0,0,0,"933,821",13.74704005,"19,702",9.888475432,"266,308",,76.05833333,56.08333333,58.2,,
6,2001,Nova Scotia,19.00137084,2.944511126,"38,540",10.55945194,0.00049303,0,0,0,"932,494",13.74561800,"20,606",9.933337575,"302,892",,72.825,54.69166667,58.2,,
6,2002,Nova Scotia,18.27544786,2.905558512,"39,912",10.59443231,0.000457894,0,0,0,"935,179",13.74849323,"21,648",9.98266835,"197,091",,73.35833333,53.30833333,58.75,,
6,2003,Nova Scotia,19.88179773,2.989804626,"40,603",10.61159723,0.000489663,0,0,0,"937,717",13.75120348,"22,252",10.01018717,"222,632",,77.95833333,61.41666667,60.4,,
6,2004,Nova Scotia,21.60572986,3.072958551,"41,163",10.62529507,0.000524882,0,0,0,"939,664",13.75327764,"22,990",10.04281462,"211,591",,87.5,68.45833333,60.4,,
6,2005,Nova Scotia,21.18664358,3.053370963,"42,101",10.64782677,0.000503234,0,0,0,"937,926",13.75142633,"23,859",10.07991678,"211,475",,97.9,83.63333333,62.95,1329.06,7.192227204
6,2006,Nova Scotia,20.02144503,2.996803951,"43,022",10.66946689,0.000465377,0,0,0,"937,882",13.75137942,"25,199",10.13455959,"196,675",,103.6583333,87.91666667,69.46666667,1354.06,7.210862766
6,2007,Nova Scotia,21.68119048,3.076445087,"44,433",10.70173772,0.000487952,0,0,0,"935,115",13.74842480,"26,264",10.17595446,"201,544",,106.8,84.01666667,70.6,1401.06,7.244984372
6,2008,Nova Scotia,19.50481571,2.970661395,"45,017",10.71479548,0.000433277,0,0,1,"935,897",13.74926071,"27,803",10.23289921,"197,629",,118.35,106.3416667,73.6,1567.66,7.357339341
6,2009,Nova Scotia,19.00048392,2.944464448,"46,117",10.73893692,0.000412006,0,0,1,"938,208",13.75172695,"28,917",10.27218494,"194,350",,96.25,74.35,80.5,1473.14,7.295151456
6,2010,Nova Scotia,18.70018398,2.928533362,"48,137",10.78180639,0.000388478,0,0,1,"942,107",13.75587414,"31,129",10.34589514,"195,408",,105.825,85.29166667,80,1772.81,7.480321137
6,2011,Nova Scotia,19.33218739,2.961771447,"48,669",10.79279756,0.000397218,0,0,1,"944,274",13.75817166,"31,556",10.35951902,"208,420",,125.6333333,106.8666667,85.3,2139.66,7.668402217
6,2012,Nova Scotia,17.60408347,2.86813089,"48,260",10.78435834,0.000364776,0,0,1,"943,635",13.75749472,"32,486",10.38856451,"194,812",,131.325,112.225,91.5,2038.5,7.619969522
6,2013,Nova Scotia,16.63104728,2.811271267,"48,723",10.79390648,0.000341339,0,0,1,"940,434",13.75409675,"33,750",10.4267357,"186,750",,130.975,114.3666667,95,2102.21,7.650744451
6,2014,Nova Scotia,14.91868644,2.702614551,"48,691",10.79324949,0.000306395,0,0,1,"938,545",13.75208608,"34,597",10.45152225,"153,701",,131.35,125.5916667,100,2131.72,7.664684445
6,2015,Nova Scotia,15.14711505,2.717810088,"49,005",10.79967761,0.000309093,0,0,1,"936,525",13.74993150,"35,366",10.47350619,"165,556",,105.6666667,99.3,101.5,2205.05,7.698505463
6,2016,Nova Scotia,13.99543586,2.638731266,"49,944",10.81865766,0.000280223,0,0,1,"942,790",13.75659884,"35,757",10.48450133,"160,243",,98.80833333,87.03333333,101.5,2172.2,7.683495758
6,2017,Nova Scotia,14.48603231,2.673184896,"50,927",10.83814851,0.000284447,0,0,1,"950,108",13.76433094,"37,078",10.52077908,"160,323",,108.375,94.49166667,103.9,2548.13,7.843115036
6,2018,Nova Scotia,15.03944905,2.710676686,"52,151",10.86189864,0.000288383,0,0,1,"958,406",13.77302677,"38,405",10.55594294,"170,972",,118.9666667,107.1666667,106.4,2318.99,7.748887025
6,2019,Nova Scotia,14.46361346,2.671636079,"52,806",10.87438010,0.000273901,0,0,1,"970,243",13.78530183,"39,214",10.5767891,"156,679",,114.05,105.725,108.9,2318.92,7.748856839
7,1990,Ontario,145.6381204,4.981124917,"393,550",12.88296340,0.000370063,0,0,0,"10,295,832",16.14724971,,,,,58.01388889,36.24166667,56.5,,
7,1991,Ontario,145.4419991,4.979777376,"389,473",12.87254982,0.000373433,0,0,0,"10,431,316",16.16032299,,,,,57.27777778,40.31388889,61.2,,
7,1992,Ontario,149.084297,5.004511898,"393,148",12.88194141,0.000379207,0,0,0,"10,572,205",16.17373895,,,,,55.64444444,38.17222222,68.6,,
7,1993,Ontario,140.8970103,4.9480292,"390,383",12.87488359,0.00036092,0,0,0,"10,690,038",16.18482284,,,,,53.97222222,38.79722222,73.6,,
7,1994,Ontario,140.7417825,4.946926882,"400,246",12.89983464,0.000351638,0,0,0,"10,819,146",16.19682790,,,,,52.86388889,38.57777778,73.6,,
7,1995,Ontario,145.1522565,4.977783236,"406,138",12.91444828,0.000357396,0,0,0,"10,950,119",16.20886088,,,"2,778,274",,54.27222222,39.19166667,72.8,,
7,1996,Ontario,153.2186776,5.031866166,"415,718",12.93776242,0.000368564,0,0,0,"11,082,903",16.22091421,,,"2,831,117",,57.45555556,41.83055556,72.2,,
7,1997,Ontario,159.7569155,5.073653382,"437,792",12.98949919,0.000364915,0,0,0,"11,227,651",16.23389013,,,"2,899,535",,58.25833333,43.36944444,72.1,,
7,1998,Ontario,164.3982402,5.102291778,"450,964",13.01914279,0.000364548,0,0,0,"11,365,901",16.24612829,,,"2,784,937",,52.32777778,39.4,72.1,,
7,1999,Ontario,172.1814701,5.148548979,"475,439",13.07199387,0.000362153,0,0,0,"11,504,759",16.25827133,"278,632",12.53764719,"2,895,451",,57.225,39.16388889,72.1,,
7,2000,Ontario,182.6935433,5.207810122,"497,109",13.11656460,0.000367512,0,0,0,"11,683,290",16.27367017,"298,146",12.60533858,"2,811,635",,70.79444444,53.98333333,72.13333333,,
7,2001,Ontario,174.8238563,5.163778932,"510,858",13.14384694,0.000342216,0,0,0,"11,897,534",16.29184171,"312,532",12.65246214,"2,795,404",,68.77222222,55.78055556,76.125,,
7,2002,Ontario,177.9831564,5.181688919,"527,143",13.17522714,0.000337637,0,0,0,"12,094,174",16.30823441,"325,479",12.69305322,"3,037,379",,68.06111111,49.275,96.75,,
7,2003,Ontario,179.9392021,5.192619028,"543,981",13.20666960,0.000330782,0,0,0,"12,245,039",16.32063143,"337,773",12.73012935,"3,042,316",,72.68333333,57.40833333,106.3666667,,
7,2004,Ontario,175.2926939,5.166457113,"563,014",13.24105977,0.000311347,0,0,0,"12,391,421",16.33251494,"352,388",12.77248812,"3,087,625",,78.9,63.25833333,101.1416667,,
7,2005,Ontario,175.9730731,5.17033099,"584,090",13.27781036,0.000301277,0,0,0,"12,528,663",16.34352962,"364,202",12.80546394,"3,040,722",,90.50833333,78.93888889,125.7416667,174174.6,12.06781352
7,2006,Ontario,168.2024421,5.125168266,"606,108",13.31481347,0.000277512,0,0,0,"12,661,878",16.35410630,"388,486",12.87001241,"2,945,566",,94.71666667,83.12222222,94.13333333,173412.6,12.06342901
7,2007,Ontario,173.0296142,5.15346276,"621,176",13.33936973,0.000278552,0,0,0,"12,764,806",16.36220241,"405,639",12.91321888,"3,005,935",,100.55,88.48333333,95.075,182119.6,12.11241889
7,2008,Ontario,164.3105613,5.101758304,"635,550",13.36224604,0.000258533,0,0,1,"12,883,583",16.37146442,"425,913",12.96199038,"2,989,867",,112.5055556,114.5583333,92.325,188787.8,12.14837891
7,2009,Ontario,141.0210353,4.948909066,"629,132",13.35209637,0.000224152,0,0,1,"12,998,345",16.38033260,"442,970",13.00125733,"2,740,471",,92.09722222,82.14722222,69.68333333,191295,12.16157202
7,2010,Ontario,149.5818524,5.007843751,"657,529",13.39624415,0.000227491,0,0,1,"13,135,778",16.39085021,"473,716",13.06836326,"2,871,794",,103.2416667,96.25,80.725,179781.25,12.09949611
7,2011,Ontario,148.32616,4.999413633,"668,085",13.41217069,0.000222017,0,0,1,"13,261,381",16.40036669,"478,348",13.07809378,"2,969,804",,125.2111111,122.4166667,77.9,192158.22,12.16607437
7,2012,Ontario,144.0392089,4.970085547,"675,667",13.42345563,0.000213181,0,0,1,"13,390,632",16.41006592,"487,705",13.09746599,"2,880,473",,127.7861111,125.7277778,79.66666667,195466.31,12.18314332
7,2013,Ontario,143.0772853,4.963384941,"677,289",13.42585334,0.00021125,0,0,1,"13,510,781",16.41899852,"505,841",13.13397767,"2,989,791",,128.8861111,127.0166667,89.81666667,208844,12.24934284
7,2014,Ontario,139.0890032,4.935114039,"694,621",13.45112165,0.000200237,0,0,1,"13,617,553",16.42687018,"520,224",13.16201477,"3,039,850",,129.6611111,133.4805556,100.0083333,204275.23,12.22722353
7,2015,Ontario,138.4184626,4.930281435,"718,984",13.48559438,0.00019252,0,0,1,"13,707,118",16.43342582,"544,618",13.20783991,"2,999,144",,108.0861111,109.675,107.3916667,201246.96,12.21228809
7,2016,Ontario,136.7504148,4.918157475,"731,442",13.50277321,0.00018696,0,0,1,"13,875,394",16.44562761,"555,767",13.22810442,"2,905,907",,101.7861111,98.78055556,115.6583333,207719.48,12.24394379
7,2017,Ontario,133.0148649,4.890460888,"757,023",13.53714892,0.000175708,0,0,1,"14,070,141",16.45956545,"580,515",13.27167092,"2,918,688",,114.1944444,115.0611111,111.2083333,212295.24,12.26573323
7,2018,Ontario,138.3383662,4.929702613,"782,776",13.57060185,0.000176728,0,0,1,"14,308,697",16.47637809,"607,173",13.31656904,"2,964,810",,128.2305556,132.225,110.4583333,210989.03,12.25956142
7,2019,Ontario,138.1089887,4.928043147,"792,527",13.58298185,0.000174264,0,0,1,"14,544,701",16.49273729,"631,084",13.35519425,"2,967,566",,120.925,132.7666667,113.6083333,211635.78,12.26262206
8,1990,Prince Edward Island,1.361234117,0.308391727,"4,138",8.32796786,0.000328959,0,0,0,"130,404",11.77839260,,,,,57.78333333,32.55,66.13333333,,
8,1991,Prince Edward Island,1.309398734,0.26956805,"4,147",8.33014046,0.000315746,0,0,0,"130,369",11.77812417,,,,,63.34166667,38.94166667,71.11666667,,
8,1992,Prince Edward Island,1.278799226,0.245921533,"4,041",8.30424747,0.000316456,0,0,0,"130,827",11.78163112,,,,,60.76666667,35.46666667,73.24166667,,
8,1993,Prince Edward Island,1.288683866,0.253621439,"4,114",8.32215107,0.000313244,0,0,0,"132,177",11.79189721,,,,,56.78333333,35.975,76.375,,
8,1994,Prince Edward Island,1.297286385,0.260274687,"4,250",8.35467426,0.000305244,0,0,0,"133,437",11.80138474,,,,,55.00833333,34.40833333,72.45,,
8,1995,Prince Edward Island,1.27863228,0.245790975,"4,378",8.38434728,0.000292059,0,0,0,"134,415",11.80868731,,,"16,004",,59.3,36.10833333,70.65,,
8,1996,Prince Edward Island,1.338161387,0.291296573,"4,556",8.42420032,0.000293714,0,0,0,"135,737",11.81847447,,,"17,149",,59.15,37.53333333,69.25,,
8,1997,Prince Edward Island,1.399196301,0.335898001,"4,509",8.41383068,0.000310312,0,0,0,"136,095",11.82110845,,,"17,763",,60.64166667,39.23333333,67.9,,
8,1998,Prince Edward Island,1.363344363,0.309940772,"4,639",8.44225410,0.000293888,0,0,0,"135,804",11.81896795,,,"18,401",,53.64166667,32.45,64.7,,
8,1999,Prince Edward Island,1.357297215,0.30549538,"4,983",8.51378740,0.000272386,0,0,0,"136,281",11.82247421,"2,655",7.884199934,"18,524",,52.93333333,32.75833333,65.6,,
8,2000,Prince Edward Island,1.483856198,0.394644238,"5,185",8.55352512,0.000286182,0,0,0,"136,470",11.82386009,"2,809",7.940583827,"18,973",,70.13333333,48.775,65.6,,
8,2001,Prince Edward Island,1.405608565,0.340470351,"5,326",8.58035577,0.000263914,0,0,0,"136,665",11.82528795,"2,922",7.980023592,"18,601",,71.91666667,51.30833333,68.6,,
8,2002,Prince Edward Island,1.397540102,0.334713621,"5,412",8.59637399,0.00025823,0,0,0,"136,880",11.82685991,"3,103",8.040124664,"24,249",,68.20833333,46.53333333,71.93333333,,
8,2003,Prince Edward Island,1.457350826,0.376620285,"5,586",8.62801875,0.000260893,0,0,0,"137,227",11.82939177,"3,159",8.058010801,"24,182",,73.98333333,53.45,78.4,,
8,2004,Prince Edward Island,1.449707635,0.371361905,"5,721",8.65189889,0.000253401,0,0,0,"137,680",11.83268743,"3,243",8.084254106,"25,836",,84.075,56.8,80.7,,
8,2005,Prince Edward Island,1.387378079,0.327415692,"6,051",8.70797883,0.000229281,0,0,0,"138,064",11.83547262,"3,438",8.142645186,"25,224",,96.36666667,73.81666667,81.79166667,40,3.688879454
8,2006,Prince Edward Island,1.351623882,0.301306745,"6,279",8.74496601,0.000215261,0,0,0,"137,867",11.83404473,"3,638",8.199189359,"24,544",,103.05,77.575,81.525,36,3.583518938
8,2007,Prince Edward Island,1.437503756,0.362908107,"6,444",8.77090474,0.000223076,0,0,0,"137,711",11.83291257,"3,782",8.238008249,"25,168",,104.2166667,79.33333333,88.125,40,3.688879454
8,2008,Prince Edward Island,1.367178584,0.312749189,"6,486",8.77740129,0.000210789,0,0,1,"138,749",11.84042182,"4,017",8.298290634,"24,005",,114.4916667,102.2833333,104.7833333,147,4.990432587
8,2009,Prince Edward Island,1.369558673,0.314488551,"6,597",8.79437028,0.000207603,0,0,1,"139,891",11.84861883,"4,246",8.353732642,"24,096",,93.33333333,71.81666667,111.2,352,5.863631176
8,2010,Prince Edward Island,1.416538238,0.348216035,"6,724",8.81343849,0.000210669,0,0,1,"141,654",11.86114274,"4,611",8.436200032,"25,101",,101.1916667,83.21666667,110.2833333,463,6.137727054
8,2011,Prince Edward Island,1.588387995,0.462719662,"6,916",8.84159285,0.000229669,0,0,1,"143,963",11.87731160,"4,632",8.440744019,"29,251",,119.25,104.95,97.61666667,493,6.200509174
8,2012,Prince Edward Island,1.498389549,0.404390897,"6,783",8.82217476,0.000220904,0,0,1,"144,530",11.88124238,"4,803",8.476996002,"24,337",,124.2666667,110.2666667,95.4,473,6.159095388
8,2013,Prince Edward Island,1.253073054,0.225598977,"6,864",8.83404564,0.000182557,0,0,1,"144,094",11.87822114,"4,892",8.495356497,"22,241",,129.4916667,110.575,97.31666667,504,6.222576268
8,2014,Prince Edward Island,1.173884723,0.160318525,"6,803",8.82511897,0.000172554,0,0,1,"144,283",11.87953193,"5,026",8.522379718,"22,864",,131.4083333,113.0166667,100.0333333,613.78,6.419636558
8,2015,Prince Edward Island,1.158244938,0.146905875,"6,797",8.82423662,0.000170405,0,0,1,"144,546",11.88135307,"5,169",8.550434525,"22,219",,105.6666667,87.13333333,103,608.69,6.411309107
8,2016,Prince Edward Island,1.164317366,0.152134963,"7,024",8.85708814,0.000165763,0,0,1,"146,969",11.89797696,"5,390",8.592300664,"22,981",,98.75833333,75.86666667,105.6666667,596.65,6.391330677
8,2017,Prince Edward Island,1.186408666,0.170930816,"7,386",8.90734160,0.000160629,0,0,1,"150,402",11.92106699,"5,701",8.648396877,"23,535",,108.775,82.14166667,107.85,606.31,6.407391406
8,2018,Prince Edward Island,1.143444192,0.134044929,"7,556",8.93009723,0.000151329,0,0,1,"153,396",11.94077809,"5,800",8.665613197,"22,736",,121.2,99.225,110.2,641.52,6.46384036
8,2019,Prince Edward Island,1.171740353,0.158490125,"7,856",8.96903285,0.000149152,0,0,1,"157,419",11.96666632,"6,132",8.72127624,"23,657",,114.8166667,97.46666667,110.6,669.87,6.507083664
9,1990,Quebec,61.58273645,4.120381579,"229,156",12.34215827,0.000268737,1,0,0,"6,996,986",15.76099004,,,,,62.61666667,37.47916667,65.5,,
9,1991,Quebec,56.79241127,4.039402712,"226,677",12.33128138,0.000250543,1,0,0,"7,067,396",15.77100265,,,,,64.27916667,39.57916667,70.13333333,,
9,1992,Quebec,58.11438648,4.062413249,"227,389",12.33441749,0.000255573,1,0,0,"7,110,010",15.77701421,,,,,60.65833333,38.44166667,73.4,,
9,1993,Quebec,59.3629076,4.08366958,"229,379",12.34313094,0.000258798,1,0,0,"7,156,537",15.78353676,,,,,58.24166667,38.09583333,75,,
9,1994,Quebec,61.78262021,4.123622099,"233,721",12.36188338,0.000264343,1,0,0,"7,192,403",15.78853589,,,,,55.94166667,38.04166667,75.93333333,,
9,1995,Quebec,61.43305558,4.117948055,"232,829",12.35805956,0.000263855,1,0,0,"7,219,219",15.79225733,,,"1,609,891",,57.49583333,36.22083333,76.93333333,,
9,1996,Quebec,62.80696645,4.140065998,"240,479",12.39038805,0.000261174,1,0,0,"7,246,897",15.79608394,,,"1,622,106",,60.60416667,38.20833333,77.76666667,,
9,1997,Quebec,63.14915347,4.145499444,"246,916",12.41680348,0.000255752,1,0,0,"7,274,611",15.79990090,,,"1,642,664",,61.62916667,38.80833333,78.8,,
9,1998,Quebec,63.91360873,4.157532308,"253,354",12.44254300,0.00025227,1,0,0,"7,295,935",15.80282790,,,"1,646,898",,55.71666667,34.92916667,80.06666667,,
9,1999,Quebec,64.05225961,4.159699307,"262,774",12.47904963,0.000243754,1,0,0,"7,323,250",15.80656478,"149,545",11.91535263,"1,681,510",,62.25,35.9,80.5,,
9,2000,Quebec,64.40917611,4.165256109,"272,726",12.51622291,0.000236168,1,0,0,"7,356,951",15.81115614,"159,031",11.97685443,"1,590,327",,74.55,50.77083333,80.5,,
9,2001,Quebec,62.72358295,4.138737501,"280,752",12.54522700,0.000223413,1,0,0,"7,396,456",15.81651152,"169,477",12.0404725,"1,612,301",,73.85,49.525,80.5,,
9,2002,Quebec,64.33509687,4.164105312,"291,779",12.58375195,0.000220493,1,0,0,"7,441,656",15.82260396,"178,897",12.0945655,"1,756,318",,71.74583333,47.56666667,80.5,,
9,2003,Quebec,69.38146756,4.239619794,"301,999",12.61817899,0.000229741,1,0,0,"7,485,753",15.82851217,"186,038",12.13370623,"1,840,972",,77.24166667,55.29166667,80.5,,
9,2004,Quebec,69.866485,4.246586064,"313,041",12.65408945,0.000223186,1,0,0,"7,535,590",15.83514769,"193,548",12.17328082,"1,853,538",,86.39583333,59.9375,83.125,,
9,2005,Quebec,66.45964164,4.196594871,"319,040",12.67307177,0.000208311,1,0,0,"7,581,476",15.84121846,"198,760",12.19985335,"1,812,895",,96.91666667,76.0875,84.75,174174.6,12.06781352
9,2006,Quebec,65.91991339,4.188440572,"327,400",12.69893794,0.000201344,1,0,0,"7,631,966",15.84785604,"209,354",12.25178188,"1,813,986",,101.5666667,78.84166667,88.375,173412.6,12.06342901
9,2007,Quebec,68.05194623,4.220271329,"340,490",12.73814104,0.000199865,1,0,0,"7,692,916",15.85581046,"219,714",12.30008198,"1,869,296",,105.3875,82.65416667,90.775,182119.6,12.11241889
9,2008,Quebec,66.17418287,4.1922904,"349,685",12.76478803,0.000189239,1,0,1,"7,761,725",15.86471516,"231,660",12.35302606,"1,814,022",,119.4458333,112.3791667,93.15,188787.8,12.14837891
9,2009,Quebec,65.16481958,4.176919746,"350,820",12.76802855,0.00018575,1,0,1,"7,843,383",15.87518080,"238,044",12.38021081,"1,776,236",,97.70416667,77.175,94.625,191295,12.16157202
9,2010,Quebec,62.79458441,4.139868834,"363,224",12.80277500,0.000172881,1,0,1,"7,929,222",15.88606548,"253,197",12.44192312,"1,705,349",,107.15,89.80833333,95.125,179781.25,12.09949611
9,2011,Quebec,65.25694207,4.178332432,"370,612",12.82291097,0.000176079,1,0,1,"8,005,090",15.89558815,"256,144",12.45349507,"1,765,296",,129.2583333,113.4958333,94.9,192158.22,12.16607437
9,2012,Quebec,63.23631716,4.146878775,"376,119",12.83766086,0.000168128,1,0,1,"8,061,101",15.90256071,"265,807",12.49052576,"1,731,588",,135.5125,118.9625,94.5,195466.31,12.18314332
9,2013,Quebec,63.24836281,4.147069243,"377,198",12.84052553,0.000167679,1,0,1,"8,110,880",15.90871693,"274,072",12.52114612,"1,793,806",,136.05,118.5458333,96.125,208844,12.24934284
9,2014,Quebec,61.32002617,4.116106481,"377,481",12.84127552,0.000162445,1,0,1,"8,150,183",15.91355094,"282,406",12.55110103,"1,796,608",,134.9833333,122.575,100,204275.23,12.22722353
9,2015,Quebec,60.74904248,4.10675132,"379,031",12.84537327,0.000160275,1,0,1,"8,175,272",15.91662455,"290,583",12.57964453,"1,770,519",,113.2666667,98.4,103.2,201246.96,12.21228809
9,2016,Quebec,60.11820173,4.096312653,"384,814",12.86051538,0.000156227,1,0,1,"8,225,950",15.92280435,"298,599",12.60685682,"1,772,111",,104.9125,83.17083333,104.425,207719.48,12.24394379
9,2017,Quebec,62.52863116,4.13562455,"400,741",12.90107061,0.000156033,1,20,1,"8,302,063",15.93201460,"312,933",12.65374439,,,115.425,95.075,105.2,212295.24,12.26573323
9,2018,Quebec,63.0185296,4.143428804,"411,720",12.92809879,0.000153062,1,30,1,"8,401,738",15.94394915,"323,589",12.68722947,,,128.7083333,116.1416667,105.625,210989.03,12.25956142
9,2019,Quebec,64.34782272,4.164303099,"421,357",12.95123573,0.000152716,1,30,1,"8,503,483",15.95598640,"339,851",12.73626257,,,122.5041667,113.525,106.4416667,211635.78,12.26262206
10,1990,Saskatchewan,27.91313589,3.329097398,"36,588",10.50747560,0.000762904,0,0,0,"1,007,727",13.82320786,,,,,56.325,34.45416667,62.6,,
10,1991,Saskatchewan,28.78587297,3.359884745,"36,407",10.50251634,0.000790669,0,0,0,"1,002,713",13.81821988,,,,,50.075,39.24166667,62.6,,
10,1992,Saskatchewan,32.20673122,3.472175475,"35,263",10.47058953,0.000913329,0,0,0,"1,003,995",13.81949760,,,,,50.50416667,36.88333333,64.43333333,,
10,1993,Saskatchewan,33.79215528,3.520228683,"35,759",10.48455726,0.000944997,0,0,0,"1,006,900",13.82238686,,,,,54.6375,36.87083333,67.5,,
10,1994,Saskatchewan,35.85721377,3.579544768,"36,570",10.50698351,0.000980509,0,0,0,"1,009,575",13.82504001,,,,,55.49166667,37.44166667,69.45,,
10,1995,Saskatchewan,36.59261978,3.599846575,"37,503",10.53217621,0.000975725,0,0,0,"1,014,187",13.82959786,,,"287,854",,57.64166667,38.9375,70.1,,
10,1996,Saskatchewan,37.75678707,3.631165249,"39,092",10.57367312,0.000965844,0,0,0,"1,018,945",13.83427834,,,"214,199",,60.04583333,40.79166667,70.1,,
10,1997,Saskatchewan,38.0439961,3.638743282,"42,470",10.65655322,0.000895785,0,0,0,"1,017,902",13.83325420,,,"204,955",,60.2875,43.42083333,70.1,,
10,1998,Saskatchewan,37.67869685,3.629094864,"41,772",10.63998154,0.000902008,0,0,0,"1,017,332",13.83269407,,,"183,754",,56.15416667,41.51666667,70.1,,
10,1999,Saskatchewan,37.79872106,3.632275268,"42,421",10.65539880,0.000891038,0,0,0,"1,014,524",13.82993009,"20,602",9.933143437,"142,425",,60.16666667,41.53333333,70.1,,
10,2000,Saskatchewan,37.70685436,3.629841891,"43,190",10.67336427,0.000873046,0,0,0,"1,007,565",13.82304709,"21,281",9.965569935,"166,888",,71.67916667,53.6375,70.1,,
10,2001,Saskatchewan,36.99317505,3.610733438,"43,677",10.68457693,0.000846972,0,0,0,"1,000,239",13.81574953,"22,276",10.01126514,"112,908",,72.23333333,55.875,70.1,,
10,2002,Saskatchewan,38.32590631,3.646126072,"44,094",10.69407900,0.000869186,0,0,0,"996,807",13.81231245,"23,111",10.04806397,"88,971",,72.825,53.2375,66.3,,
10,2003,Saskatchewan,39.24571862,3.669842359,"45,425",10.72381789,0.000863967,0,0,0,"996,386",13.81189001,"24,267",10.09687268,"-24,816",,75.95416667,57.49166667,66.3,,
10,2004,Saskatchewan,40.40750534,3.699015543,"46,026",10.73696173,0.000877928,0,0,0,"997,283",13.81278986,"25,695",10.1540517,"498,474",,82.6875,63.87083333,68.13333333,,
10,2005,Saskatchewan,40.05089406,3.690150997,"48,443",10.78814313,0.000826763,0,0,0,"993,500",13.80898934,"26,353",10.1793374,"515,806",,93.10833333,81.01666667,71.8,174174.6,12.06781352
10,2006,Saskatchewan,39.79223413,3.683671771,"50,934",10.83828596,0.000781251,0,0,0,"992,314",13.80779487,"28,110",10.24388066,"520,366",,99.725,84.0375,74.91666667,173412.6,12.06342901
10,2007,Saskatchewan,42.45810579,3.748517844,"53,945",10.89572029,0.000787063,0,0,0,"1,002,086",13.81759439,"31,219",10.34878216,"558,441",,104.6125,91.62916667,79.23333333,182119.6,12.11241889
10,2008,Saskatchewan,43.05948925,3.762582631,"58,426",10.97551628,0.000736992,0,0,1,"1,017,404",13.83276484,"35,675",10.48220544,"575,398",,117.3208333,114.3541667,79.6,188787.8,12.14837891
10,2009,Saskatchewan,44.09110018,3.786257952,"59,204",10.98874439,0.000744732,0,0,1,"1,034,819",13.84973709,"36,181",10.4962894,"573,655",,97.03333333,80.40416667,79.6,191295,12.16157202
10,2010,Saskatchewan,45.10008871,3.808884213,"63,290",11.05548262,0.000712594,0,0,1,"1,051,443",13.86567406,"40,615",10.61189274,"591,704",,101.6333333,91.8625,85.54166667,179781.25,12.09949611
10,2011,Saskatchewan,44.31653188,3.791357788,"66,192",11.10031489,0.000669515,0,0,1,"1,066,026",13.87944827,"41,256",10.62755184,"594,662",,121.1666667,107.925,88.1,192158.22,12.16607437
10,2012,Saskatchewan,45.9235446,3.82697794,"69,322",11.14651760,0.000662467,0,0,1,"1,083,755",13.89594242,"43,067",10.67051232,"611,040",,122.5916667,110.8,88.1,195466.31,12.18314332
10,2013,Saskatchewan,46.8861594,3.847722523,"72,145",11.18643326,0.000649888,0,0,1,"1,099,736",13.91058071,"45,850",10.73313048,"655,425",,119.7541667,109.4833333,92.5,208844,12.24934284
10,2014,Saskatchewan,47.75400441,3.866062925,"73,923",11.21077929,0.000645997,0,0,1,"1,112,979",13.92255076,"46,417",10.74542105,"686,373",,121.0541667,127.7916667,100,204275.23,12.22722353
10,2015,Saskatchewan,49.18039838,3.895495137,"70,627",11.16516779,0.00069634,0,0,1,"1,120,967",13.92970226,"49,084",10.8012884,"681,061",,100.3166667,95.84166667,104.0333333,201246.96,12.21228809
10,2016,Saskatchewan,47.98908581,3.870973606,"68,174",11.12981854,0.000703921,0,0,1,"1,135,987",13.94301243,"48,745",10.79435791,"668,974",,91.26666667,87.12916667,108.2,207719.48,12.24394379
10,2017,Saskatchewan,49.40590345,3.90006992,"70,083",11.15743553,0.000704963,0,0,1,"1,150,331",13.95556029,"50,228",10.82432792,,,98.25833333,96.18333333,114.8,212295.24,12.26573323
10,2018,Saskatchewan,49.82780654,3.908573192,"69,968",11.15579327,0.000712151,0,0,1,"1,161,767",13.96545268,"50,134",10.8224547,,,115.1791667,113,118.2166667,210989.03,12.25956142
10,2019,Saskatchewan,49.21688017,3.896236658,"70,285",11.16031368,0.000700247,0,0,1,"1,172,479",13.97463087,"50,279",10.82534277,,,111.1541667,112.4583333,118.9,211635.78,12.26262206
11,1990,Yukon,0.518903932,-0.656036515,"1,691",7.43307535,0.000306862,0,0,0,"27,957",10.23842289,,,,,59.85833333,41.7,,,
11,1991,Yukon,0.478437855,-0.737228951,"1,775",7.48155570,0.000269542,0,0,0,"28,871",10.27059291,,,,,62.1,44.98333333,,,
11,1992,Yukon,0.573566996,-0.55588053,"1,895",7.54697412,0.000302674,0,0,0,"30,084",10.31174875,,,,,58.45,41.78333333,,,
11,1993,Yukon,0.473935073,-0.746684943,"1,759",7.47250074,0.000269434,0,0,0,"30,337",10.32012337,,,,,58.00833333,42.48333333,,,
11,1994,Yukon,0.472452045,-0.749819029,"1,796",7.49331725,0.000263058,0,0,0,"29,684",10.29836346,,,,,58.06666667,42.46666667,,,
11,1995,Yukon,0.533903592,-0.627539996,"1,999",7.60040233,0.000267085,0,0,0,"30,442",10.32357851,,,,,63.4,41.9,,,
11,1996,Yukon,0.500612194,-0.691923542,"1,897",7.54802897,0.000263897,0,0,0,"31,387",10.35414907,,,,,67.00833333,43.31666667,,,
11,1997,Yukon,0.500245802,-0.692655697,"1,963",7.58222919,0.000254837,0,0,0,"31,797",10.36712722,,,,,67.85833333,46.03333333,,,
11,1998,Yukon,0.449619661,-0.799353251,"2,014",7.60787807,0.000223247,0,0,0,"31,149",10.34653742,,,,,66.86666667,42.38333333,,,
11,1999,Yukon,0.533064633,-0.6291126,"2,115",7.65681009,0.00025204,0,0,0,"30,785",10.33478284,937,6.842683282,"1,968",,67.29166667,41.60833333,,,
11,2000,Yukon,0.475319011,-0.743769098,"2,114",7.65633717,0.000224843,0,0,0,"30,431",10.32321710,975,6.882437471,"1,955",,81.375,57.025,,,
11,2001,Yukon,0.472222113,-0.750305826,"2,166",7.68063743,0.000218016,0,0,0,"30,158",10.31420551,"1,050",6.956545443,"2,145",,81.68333333,63.06666667,,,
11,2002,Yukon,0.463630597,-0.768667171,"2,278",7.73105314,0.000203525,0,0,0,"30,336",10.32009041,"1,122",7.022868086,"6,479",,80.78333333,57.48333333,,,
11,2003,Yukon,0.460685193,-0.775040348,"2,330",7.75362355,0.000197719,0,0,0,"30,941",10.33983744,"1,155",7.051855623,"6,578",,83.59166667,64.46666667,,,
11,2004,Yukon,0.44974166,-0.79908195,"2,509",7.82763955,0.000179251,0,0,0,"31,455",10.35631323,"1,222",7.10824414,"6,256",,93.90833333,72.28333333,,,
11,2005,Yukon,0.509088457,-0.675133492,"2,740",7.91571320,0.000185799,0,0,0,"31,902",10.37042398,"1,319",7.184629153,"7,736",,105.4583333,88.39166667,,174174.6,12.06781352
11,2006,Yukon,0.549863516,-0.598085184,"2,797",7.93630269,0.00019659,0,0,0,"32,272",10.38195526,"1,372",7.224024808,"8,300",,107.575,94.075,,173412.6,12.06342901
11,2007,Yukon,0.569467673,-0.563053262,"2,904",7.97384438,0.000196098,0,0,0,"32,554",10.39065553,"1,512",7.321188557,"9,292",,111.1666667,102.2666667,,182119.6,12.11241889
11,2008,Yukon,0.567072418,-0.567268262,"2,931",7.98309894,0.000193474,0,0,1,"33,083",10.40677483,"1,608",7.38274645,"8,912",,124.5833333,125.5833333,,188787.8,12.14837891
11,2009,Yukon,0.526915445,-0.640715189,"3,055",8.02453487,0.000172476,0,0,1,"33,731",10.42617257,"1,674",7.422971251,"8,411",,99.03333333,94.60833333,,191295,12.16157202
11,2010,Yukon,0.59320998,-0.522206845,"3,458",8.14844567,0.000171547,0,0,1,"34,596",10.45149335,"1,824",7.508787171,"9,684",,112.4916667,106.2916667,,179781.25,12.09949611
11,2011,Yukon,0.629955766,-0.462105675,"3,715",8.22013396,0.000169571,0,0,1,"35,411",10.47477779,"1,923",7.561641746,"10,217",,128.8083333,128.3166667,,192158.22,12.16607437
11,2012,Yukon,0.622533232,-0.473958267,"3,539",8.17159948,0.000175907,0,0,1,"36,234",10.49775318,"1,978",7.589841512,"9,900",,133.4416667,134.0416667,,195466.31,12.18314332
11,2013,Yukon,0.546956391,-0.603386204,"3,514",8.16451027,0.000155651,0,0,1,"36,521",10.50564272,"2,060",7.630461262,"8,973",,134.7166667,131.875,,208844,12.24934284
11,2014,Yukon,0.447188785,-0.804774436,"3,459",8.14873481,0.000129283,0,0,1,"37,137",10.52236906,"2,140",7.668561108,"8,758",,133.4,134.9083333,,204275.23,12.22722353
11,2015,Yukon,0.475691677,-0.742985372,"3,403",8.13241267,0.000139786,0,0,1,"37,690",10.53715009,"2,258",7.722234745,"8,766",,111.8833333,108.0916667,,201246.96,12.21228809
11,2016,Yukon,0.47185219,-0.751089499,"3,453",8.14699870,0.00013665,0,0,1,"38,547",10.55963355,"2,367",7.76937861,"7,075",,108.5833333,94.11666667,,207719.48,12.24394379
11,2017,Yukon,0.504708528,-0.683774189,"3,573",8.18116086,0.000141256,0,0,1,"39,610",10.58683689,"2,507",7.826842098,"9,157",,117.8166667,103.85,,212295.24,12.26573323
11,2018,Yukon,0.580381711,-0.544069269,"3,936",8.27792026,0.000147455,0,0,1,"40,519",10.60952628,"2,580",7.855544678,"10,695",,135.525,124.9083333,,210989.03,12.25956142
11,2019,Yukon,0.624013617,-0.471583089,"3,885",8.26487826,0.000160621,0,0,1,"41,362",10.63011786,"2,693",7.898411093,"9,880",,137.4583333,125.8916667,,211635.78,12.26262206
